Workbook

Sheet EDR API Cost Estimate
A1: NWSViz IOC EDR-API AWS Cost Estimate — m8i.4xlarge (EKS)
A2: Region: US East (N. Virginia) | Cluster: edr-api (EKS) | Namespace: edr-api | Pricing: On-Demand unless noted
A3: Component | B3: Description | C3: Unit | D3: Unit Price (USD) | E3: Min (2 pods) | F3: Typical (6 pods) | G3: Peak (28 pods) | H3: Hours/Month | I3: Min Cost/Month | J3: Typical Cost/Month | K3: Peak Cost/Month | L3: Notes
A4: COST COMPONENT 1 — EKS Compute (m8i.4xlarge Node Group)
A5: EKS Worker Nodes (On-Demand) | B5: m8i.4xlarge (64GB RAM, 16 vCPU) — 1 pod per node | C5: node-hour | D5: 0.84672 | E5: 2 | F5: 6 | G5: 28 | H5: 730 | I5: =D5*E5*H5 | J5: =D5*F5*H5 | K5: =D5*G5*H5 | L5: KEDA autoscales 2-50 pods. Pre-scale to 12 for operational deployment. Max concurrency testing validated 28 pods @ 3421 req/s (~122 req/s per pod).
A6: EKS Worker Nodes (w/ Reserved Instances) | B6: m8i.4xlarge 1yr Reserved — $0.5208/hr (~38% savings vs On-Demand) - reserve typical baseline, burst On-Demand | C6: node-hour | D6: 0.5208 | E6: 2 | F6: 6 | G6: 6 | H6: 730 | I6: =D6*E6*H6 | J6: =D6*F6*H6 | K6: =D6*G6*H6 | L6: Negative value = monthly savings if baseline 2 nodes are Reserved. Burst nodes above 2 remain On-Demand.
A7: EKS Worker Nodes (w/ Compute Savings Plan) | B7: m8i.4xlarge 1yr Compute Savings Plan — $0.406/hr (~52% savings vs On-Demand) - ALL nodes at CSP rate | C7: node-hour | D7: 0.40643 | E7: 2 | F7: 6 | G7: 28 | H7: 730 | I7: =D7*E7*H7 | J7: =D7*F7*H7 | K7: =D7*G7*H7 | L7: Negative value = monthly savings if baseline 2 nodes use Compute Savings Plan. More flexible than RI — applies to any EC2/Fargate compute. Burst nodes above 2 remain On-Demand.
A8: EKS Cluster Fee | B8: Managed control plane — flat fee | C8: cluster-hour | D8: 0.1 | E8: 1 | F8: 1 | G8: 1 | H8: 730 | I8: =D8*E8*H8 | J8: =D8*F8*H8 | K8: =D8*G8*H8 | L8: Flat $0.10/hr per cluster regardless of node count.
A9: EBS Storage (gp3) | D9: 0.08 | E9: 200 | F9: 600 | G9: 2800 | H9: 1 | I9: =D9*E9 | J9: =D9*F9 | K9: =D9*G9
A10: COST COMPONENT 2 — Redis Cache (Self-Managed, Kubernetes)
A11: Redis Pod (EBS-backed) | D11: 0.08 | E11: 50 | F11: 50 | G11: 50 | H11: 1 | I11: =D11*E11 | J11: =D11*F11 | K11: =D11*G11
A12: COST COMPONENT 3 — Application Load Balancer (ALB)
A13: ALB Base Fee | B13: ALB hourly charge | C13: hour | D13: 0.0225 | E13: 1 | F13: 1 | G13: 1 | H13: 730 | I13: =D13*H13 | J13: =D13*H13 | K13: =D13*H13 | L13: Flat hourly fee regardless of traffic.
A14: ALB LCU Charges | D14: 0.008 | E14: 2 | F14: 12 | G14: 137 | H14: 730 | I14: =D14*E14*H14 | J14: =D14*F14*H14 | K14: =D14*G14*H14
A15: COST COMPONENT 4 — Data Egress
A16: Internet Egress | D16: 0.09 | E16: 263 | F16: 8500 | G16: 24000 | H16: 1 | I16: =MAX(0,D16*(E16-100)) | J16: =MAX(0,D16*(F16-100)) | K16: =MAX(0,D16*(G16-100)) | O16: First 100GB/month free. $0.09/GB thereafter. Based on Prometheus TX metrics from load testing. Assumes 2hr/day at peak load, 6hr/day at moderate load.
A17: COST COMPONENT 5 — Container Registry (ECR)
A18: ECR Storage | D18: 0.1 | E18: 20 | F18: 20 | G18: 20 | H18: 1 | I18: =D18*E18 | J18: =D18*F18 | K18: =D18*G18
A19: MONTHLY COST SUMMARY
A20: TOTAL MONTHLY COST (On-Demand) | I20: =SUM(I5,I8,I9,I11,I13,I14,I16,I18) | J20: =SUM(J5,J8,J9,J11,J13,J14,J16,J18) | K20: =SUM(K5,K8,K9,K11,K13,K14,K16,K18)
A21: TOTAL MONTHLY COST (w/ RI on typical baseline, burst On-Demand) | I21: =I20-I5+I6 | J21: =J20-J5+J6 | K21: =K20-K5+K6
A22: TOTAL MONTHLY COST (w/ Compute Savings Plan - all nodes) | I22: =I20-I5+I7 | J22: =J20-J5+J7 | K22: =K20-K5+K7
A23: TOTAL ANNUAL COST (On-Demand) | I23: =I20*12 | J23: =J20*12 | K23: =K20*12
A24: TOTAL ANNUAL COST (w/ RI) | I24: =I21*12 | J24: =J21*12 | K24: =K21*12
A25: TOTAL ANNUAL COST (w/ Compute Savings Plan) | I25: =I22*12 | J25: =J22*12 | K25: =K22*12
A27: ASSUMPTIONS & NOTES
A28: Pricing model | B28: On-Demand pricing baseline. RI (1yr No Upfront) $0.5208/hr saves ~38% - reserve typical baseline (2 for Min, 6 for Typical/Peak), burst nodes remain On-Demand. Compute Savings Plan (1yr No Upfront) $0.406/hr saves ~52% on ALL nodes with flexibility.
A29: Pod-to-node ratio | B29: 1 pod per m8i.4xlarge node (58GB pod limit on 64GB node). Node count = pod count.
A30: Scaling scenarios | B30: Min=2 pods (HA baseline, always running). Typical=6 pods (500-1000 concurrent users, typical baseline for RI). Peak=28 pods (5000 users max concurrency, validated @ 3421 req/s with 0.78% failure rate, 6 RI + 22 On-Demand).
A31: Egress basis | B31: Network TX from Prometheus load test metrics. Assumes 2hr/day at peak load + 6hr/day at moderate load. First 100GB/month free.
A32: ALB LCU | B32: LCU driven by new connections dimension (25 new conn/s per LCU). ALB sees request bytes only — large zarr chunk responses bypass ALB byte accounting.
A33: CoreDNS resources | B33: CoreDNS pods increased from default 70Mi/100m to 256Mi request, 512Mi limit, 200m CPU to handle high DNS query volume from 25+ API pods. Critical for preventing CrashLoopBackOff under load.
A34: Redis | B34: Self-managed Redis pod on existing cluster nodes. No additional EC2 cost — only EBS storage for persistence. Shared across production and memory deployments.
A35: Not included | B35: S3 storage/request costs for icechunk zarr data (data team responsibility). VPC, NAT Gateway, Route53 (shared infrastructure). MRMS ingest nodes.
A36: vs. current production | B36: m5n.4xlarge On-Demand: $0.952/hr. m8i.4xlarge: $0.847/hr — 11% lower cost with 40% higher throughput per pod.

Sheet NDFD Comparison
A1: EDR-API vs NDFD Frontend Cost Comparison
A2: Analysis Period: Feb 25 - Mar 23, 2025 (27 days) | Comparison: Annual Costs
A4: Scenario | B4: Monthly Cost | C4: Annual Cost | D4: vs NDFD | E4: % Change
A5: NDFD Frontend API (Current) | B5: 5230.13 | C5: 62761.6 | D5: 0 | E5: 0
A7: EDR-API SCENARIOS
A8: EDR-API Min (2 pods) - On-Demand | B8: ='EDR API Cost Estimate'!I20 | C8: ='EDR API Cost Estimate'!I23 | D8: =C8-$C$5 | E8: =D8/$C$5
A9: EDR-API Min (2 pods) - w/ RI | B9: ='EDR API Cost Estimate'!I21 | C9: ='EDR API Cost Estimate'!I24 | D9: =C9-$C$5 | E9: =D9/$C$5
A10: EDR-API Min (2 pods) - w/ Compute Savings | B10: ='EDR API Cost Estimate'!I22 | C10: ='EDR API Cost Estimate'!I25 | D10: =C10-$C$5 | E10: =D10/$C$5
A12: EDR-API Typical (6 pods) - On-Demand | B12: ='EDR API Cost Estimate'!J20 | C12: ='EDR API Cost Estimate'!J23 | D12: =C12-$C$5 | E12: =D12/$C$5
A13: EDR-API Typical (6 pods) - w/ RI | B13: ='EDR API Cost Estimate'!J21 | C13: ='EDR API Cost Estimate'!J24 | D13: =C13-$C$5 | E13: =D13/$C$5
A14: EDR-API Typical (6 pods) - w/ Compute Savings | B14: ='EDR API Cost Estimate'!J22 | C14: ='EDR API Cost Estimate'!J25 | D14: =C14-$C$5 | E14: =D14/$C$5
A16: EDR-API Peak (28 pods) - On-Demand | B16: ='EDR API Cost Estimate'!K20 | C16: ='EDR API Cost Estimate'!K23 | D16: =C16-$C$5 | E16: =D16/$C$5
A17: EDR-API Peak (28 pods) - w/ RI | B17: ='EDR API Cost Estimate'!K21 | C17: ='EDR API Cost Estimate'!K24 | D17: =C17-$C$5 | E17: =D17/$C$5
A18: EDR-API Peak (28 pods) - w/ Compute Savings | B18: ='EDR API Cost Estimate'!K22 | C18: ='EDR API Cost Estimate'!K25 | D18: =C18-$C$5 | E18: =D18/$C$5
A20: KEY FINDINGS
A21: NDFD Frontend API Components (from WOC billing data):
A22: • ndfd-prod-frontend-asg-node: $4,288/month
A23: • ndfd-dev-frontend-asg-node: $419/month
A24: • Total: $5,230/month ($62,762/year)
A26: Cost Comparison Summary:
A27: • EDR-API at Typical load (6 pods) would SAVE $6,624 - $14,338/year (11-23%)
A28: • EDR-API at Min load (2 pods) would SAVE $46,274 - $53,988/year (74-86%)
A29: • EDR-API at Peak load (28 pods) would COST $176,454 - $184,168/year MORE (281-293%)
A31: Recommendation:
A32: • If NDFD traffic patterns match our "Typical" scenario (6 pods), EDR-API provides cost savings
A33: • With Compute Savings Plan, EDR-API Typical scenario costs $48,424/year vs NDFD $62,762/year
... A42: • Compute Savings Plan offers 52% savings vs On-Demand with flexibility across instance types
